gender,married,dependents,education,self_employed,applicantincome,coapplicantincome,loanamount,loan_amount_term,credit_history,property_area,loan_status
1,0,2,1,0,19854,1700,698,240,1.0,1,1
0,1,3,1,1,23690,2700,667,240,1.0,0,1
1,1,1,1,1,7642,6815,656,360,1.0,0,0
1,1,3,1,1,20703,1647,184,180,1.0,0,0
1,1,3,0,0,10594,6038,629,120,1.0,0,1
0,1,2,0,0,1864,5164,196,240,1.0,2,1
1,0,3,1,0,22142,5520,539,120,0.0,1,1
1,1,2,0,0,21003,3687,527,360,1.0,1,1
1,0,0,1,0,17188,596,208,360,1.0,1,1
0,0,0,0,0,3363,4545,433,180,0.0,2,0
1,1,2,1,0,17999,8676,212,360,1.0,0,1
1,1,0,1,1,8584,8837,490,360,1.0,1,1
1,0,1,0,0,9516,4757,238,120,0.0,0,1
1,1,3,0,1,3884,4384,464,360,1.0,0,1
0,1,1,1,1,16572,8912,388,360,0.0,2,1
1,0,3,1,0,5435,4733,656,240,1.0,2,1
0,0,0,0,0,14627,7081,230,360,1.0,0,1
0,1,1,0,1,15982,8690,337,240,0.0,1,1
0,0,0,1,1,9242,7117,236,360,1.0,1,1
1,1,3,0,0,17665,4729,187,360,1.0,2,1
0,1,2,1,0,23326,1673,179,180,1.0,2,1
1,1,2,1,1,3990,8306,243,180,0.0,2,0
0,0,1,1,0,24864,9928,365,240,0.0,2,1
0,0,0,1,0,14824,7178,193,360,1.0,2,0
0,0,0,0,0,19608,2294,65,120,1.0,2,1
0,0,1,0,1,20651,3630,351,180,0.0,2,0
0,0,2,0,1,2637,146,472,120,1.0,1,0
0,1,3,0,1,22001,3453,294,180,1.0,2,1
0,1,1,0,0,4920,4507,156,180,1.0,2,1
0,1,3,0,0,7345,5783,137,360,1.0,1,1
1,1,2,0,1,22662,7751,178,180,1.0,1,0
1,0,0,1,1,5406,5628,390,120,1.0,0,1
0,1,2,0,1,21521,8328,53,180,1.0,2,1
0,0,1,0,0,20837,3360,376,240,0.0,2,1
0,1,0,1,1,23813,3005,459,360,1.0,2,0
1,0,1,0,1,13913,3552,355,360,1.0,2,1
0,0,1,0,0,1776,18,656,240,1.0,0,1
1,1,2,1,0,19883,2242,274,240,1.0,1,1
1,1,1,0,0,19111,6318,397,240,1.0,1,1
1,1,2,0,1,7837,5097,370,180,1.0,2,1
1,1,0,0,0,13444,8640,608,360,1.0,2,1
1,0,2,1,0,21619,1948,230,240,0.0,2,1
0,1,0,0,1,17406,9137,667,180,1.0,0,0
0,1,2,0,0,18579,5618,435,240,1.0,0,1
0,0,3,1,1,22036,4236,667,120,1.0,1,1
0,1,3,0,1,13806,6901,157,120,0.0,2,1
0,1,1,1,0,12003,1920,580,360,1.0,2,1
1,1,2,1,0,20725,4188,459,180,1.0,2,1
0,1,2,0,0,5708,238,345,120,1.0,2,1
0,1,0,1,0,13090,204,220,120,1.0,0,1
1,0,1,1,0,12386,5552,380,180,1.0,1,1
0,1,2,0,0,14366,4927,542,240,1.0,1,1
1,1,1,1,1,2588,4390,244,180,0.0,0,0
0,1,3,1,1,4863,2687,61,240,0.0,2,1
1,1,2,0,0,1524,4951,244,120,1.0,1,0
0,1,2,0,1,11264,6160,539,120,0.0,1,1
0,0,1,0,0,24028,5388,231,120,1.0,0,1
1,1,2,1,1,23552,9540,365,360,1.0,2,1
1,0,1,0,1,22120,5126,79,360,1.0,1,0
1,0,2,1,1,11459,816,645,360,1.0,2,1
1,1,0,1,0,14435,9012,145,180,0.0,1,1
1,1,1,1,1,9568,192,430,120,1.0,0,1
1,1,2,1,0,20119,1776,493,120,1.0,2,1
1,1,3,1,1,8795,3645,347,180,1.0,0,1
1,0,2,1,1,9892,6314,410,360,1.0,1,1
0,1,3,1,1,12890,8442,423,180,1.0,0,1
0,1,3,0,1,9948,1788,603,360,1.0,0,0
1,1,0,0,1,21631,7374,352,120,1.0,0,1
0,1,1,1,0,11933,3700,470,240,0.0,1,1
0,1,2,1,0,16538,9359,295,360,0.0,2,1
0,1,0,0,1,21059,3893,286,120,1.0,0,0
0,0,2,1,1,13028,6811,583,120,0.0,2,0
1,0,3,0,1,22781,9288,234,240,1.0,1,0
0,1,1,0,1,22921,2679,517,120,1.0,2,1
1,1,2,0,0,17243,3904,412,120,1.0,0,0
0,1,2,1,1,10105,7260,332,360,1.0,0,1
0,0,3,1,0,3514,504,602,360,1.0,0,1
0,1,2,0,1,2881,9813,385,240,1.0,0,1
1,0,2,0,0,2598,9579,211,240,1.0,0,1
0,1,3,0,1,21310,6773,209,120,1.0,0,0
1,1,0,0,1,21539,3816,523,360,1.0,1,1
0,1,3,0,0,10601,717,650,240,1.0,1,1
1,1,0,1,1,1687,4434,371,240,1.0,1,0
0,0,1,0,1,13448,658,61,180,1.0,2,0
1,0,0,1,1,11707,5057,473,240,1.0,2,1
1,1,0,0,0,23293,4008,122,120,1.0,1,1
0,1,1,1,1,3592,4994,637,360,1.0,2,0
1,0,0,1,1,20014,4234,250,240,0.0,2,1
0,0,3,1,0,6742,3764,571,180,1.0,0,1
0,0,0,1,0,10049,4637,554,360,1.0,0,1
0,0,1,1,0,23531,2104,88,240,1.0,2,1
0,1,3,1,1,6685,9447,109,180,0.0,2,0
0,0,1,0,1,16771,6801,627,240,1.0,1,1
0,1,1,1,1,7276,8575,370,360,1.0,2,1
0,0,2,0,0,13949,2607,484,360,0.0,0,1
0,0,2,1,1,9323,8385,685,360,1.0,2,1
0,0,1,1,1,17217,3719,457,120,1.0,1,1
0,0,1,0,0,8855,2581,435,240,1.0,0,1
0,0,1,1,0,7965,2565,618,120,1.0,0,1
1,1,2,0,0,14237,2763,127,360,1.0,0,1
1,1,2,0,0,19381,6328,243,180,1.0,0,1
0,0,0,0,0,14824,5991,334,240,1.0,2,1
0,0,0,0,1,11850,3406,576,120,1.0,1,1
0,1,1,1,0,4055,8923,573,240,1.0,2,1
0,0,3,1,1,23293,4780,662,180,1.0,2,0
0,0,3,0,1,4451,4177,205,120,1.0,0,1
0,1,2,1,0,19122,6476,389,360,0.0,1,1
0,0,2,1,0,6227,2604,174,120,1.0,0,1
0,0,2,0,0,21849,8181,329,240,0.0,2,0
1,1,1,1,1,7186,2382,671,240,1.0,2,1
0,1,3,0,0,5201,531,177,240,1.0,0,0
1,1,0,0,0,4280,6079,363,240,1.0,2,1
0,0,1,1,0,19472,634,381,360,1.0,2,0
0,1,0,1,0,3868,9961,199,120,1.0,0,0
1,1,0,1,0,17092,2,503,360,1.0,2,1
0,1,1,0,1,23673,8397,85,360,0.0,1,1
1,1,0,0,1,1936,5951,469,360,1.0,0,1
0,1,3,1,1,4328,5626,71,240,1.0,1,1
0,1,0,1,0,3056,7739,255,240,1.0,2,1
1,0,3,1,0,14864,6003,688,240,0.0,2,1
0,0,3,1,0,16561,2890,405,120,1.0,0,1
1,1,3,0,1,12076,6239,489,180,1.0,2,1
0,1,2,1,0,18066,8026,145,240,1.0,0,1
1,1,0,0,0,8690,3306,213,120,1.0,0,1
1,0,1,0,0,24571,897,197,240,1.0,0,1
0,0,1,1,1,7065,9277,579,240,1.0,0,0
0,0,0,1,0,16869,9471,343,360,1.0,0,1
1,0,2,1,1,23459,670,244,360,1.0,1,0
0,0,2,0,0,3089,7291,529,360,1.0,0,1
0,0,3,1,1,1659,1505,172,120,1.0,1,1
0,0,0,1,1,13645,6460,449,180,0.0,2,1
1,0,0,0,1,16873,5167,501,180,1.0,0,1
1,0,1,1,0,8055,5255,153,120,1.0,2,0
1,1,0,0,0,17737,249,511,240,1.0,0,1
1,1,2,1,1,10703,6457,445,120,1.0,1,1
1,1,0,0,1,9744,1892,386,240,0.0,1,0
1,1,1,1,0,16243,3439,648,120,1.0,1,1
1,0,3,1,0,14833,2854,191,120,1.0,2,0
1,0,1,0,1,14841,9695,366,120,1.0,0,0
1,1,1,0,0,24730,3792,607,180,0.0,2,1
0,0,3,1,0,20191,5330,576,360,1.0,1,1
1,1,1,0,0,2728,7871,605,120,1.0,2,1
0,0,1,0,0,7090,8235,450,180,0.0,1,1
0,1,0,0,1,24803,3612,359,360,1.0,1,1
0,0,0,0,0,7085,2618,544,360,1.0,1,0
1,0,3,1,0,10727,4678,605,120,1.0,0,1
1,1,0,1,1,7546,3163,659,240,1.0,0,1
1,0,0,0,1,13737,9480,158,240,1.0,1,1
1,1,1,0,0,17149,2942,421,240,1.0,2,1
0,1,2,0,0,6445,8411,665,120,0.0,2,1
1,1,0,0,0,9427,1925,255,240,1.0,0,0
1,1,2,1,0,14141,2972,92,180,1.0,1,1
1,0,0,1,1,17498,990,294,180,1.0,2,1
1,0,0,0,1,14886,1812,336,180,1.0,1,1
1,0,3,0,1,8516,8995,404,180,1.0,2,1
0,1,3,0,0,15527,489,525,360,1.0,0,1
1,0,3,1,0,17420,5876,132,180,1.0,1,0
0,1,2,0,0,15252,9685,159,240,1.0,1,1
1,0,1,1,0,22970,3645,239,120,0.0,2,0
0,0,0,0,1,19768,7081,300,240,0.0,2,1
1,0,0,1,1,19693,2891,340,180,1.0,2,1
1,1,0,0,0,4667,9897,694,360,1.0,1,0
0,0,2,1,1,13489,3516,250,180,1.0,0,1
0,0,3,0,0,24236,3340,375,120,1.0,0,1
0,1,1,0,0,15587,6410,560,240,1.0,2,1
1,0,2,0,1,23940,53,458,120,1.0,0,0
0,1,3,1,0,3937,2575,656,120,1.0,2,0
1,0,2,0,0,24352,615,557,120,1.0,0,1
1,1,1,1,1,16775,5944,650,240,1.0,1,1
0,1,3,1,0,23835,7404,121,180,1.0,2,0
0,0,2,0,0,6776,954,296,120,1.0,0,1
1,1,1,0,1,10359,1629,690,240,1.0,1,0
1,1,0,0,0,9318,6859,657,360,1.0,0,1
0,1,1,1,1,6228,8841,636,240,1.0,1,0
0,1,0,0,0,20508,3278,615,360,0.0,1,1
0,1,2,1,1,7238,5455,393,240,1.0,0,0
1,1,3,1,1,22116,3801,103,180,1.0,0,1
1,0,3,0,1,7293,2561,577,120,1.0,1,1
1,1,2,0,0,6023,6539,660,180,0.0,1,1
1,1,3,0,1,7071,370,581,240,1.0,1,1
1,0,3,0,1,17709,857,607,120,1.0,2,1
1,0,0,0,1,16746,4886,242,360,0.0,1,1
0,0,2,0,1,11880,7485,107,240,0.0,2,0
1,0,1,1,1,3724,383,486,120,0.0,1,1
1,0,0,1,0,9889,4334,160,360,0.0,2,1
1,0,2,1,0,17427,4290,178,360,0.0,1,1
0,0,0,0,0,23975,2725,375,180,1.0,1,1
1,1,1,1,0,13184,6204,57,240,1.0,1,1
1,1,1,1,0,12140,6111,78,360,1.0,0,1
0,0,2,1,0,10162,4251,161,120,1.0,0,0
1,1,1,1,0,7861,922,180,360,1.0,1,1
1,1,0,1,1,3448,2915,237,360,1.0,2,1
1,1,1,0,0,13591,7957,524,180,1.0,2,1
1,0,0,0,1,13492,3046,413,180,1.0,1,1
1,0,0,1,1,24978,9166,253,120,1.0,0,1
0,1,1,1,0,7818,1230,261,180,1.0,2,1
0,0,2,1,1,21680,7647,670,360,1.0,0,1
0,1,3,0,1,13680,4933,325,360,1.0,2,0
1,1,1,0,1,1734,9555,122,180,1.0,1,1
1,1,0,1,1,16872,3940,292,360,1.0,0,1
1,1,0,0,0,21491,6483,151,360,1.0,2,1
0,0,1,0,0,2022,203,220,120,1.0,1,1
1,0,2,1,0,23788,160,237,180,1.0,1,1
1,0,2,0,0,14218,8960,490,360,1.0,1,0
0,1,0,0,0,22772,3748,135,180,1.0,0,1
1,0,0,1,0,11321,6718,525,120,0.0,0,0
0,1,2,0,0,7332,2581,101,180,1.0,1,0
0,0,3,0,0,14320,1093,160,360,1.0,0,1
0,1,1,1,0,17711,4500,92,180,1.0,2,0
1,1,0,0,0,8622,8799,260,360,1.0,1,1
1,1,0,0,1,7342,5710,249,360,1.0,1,1
1,0,2,1,0,2816,9732,676,360,1.0,0,0
1,0,1,1,1,14700,2875,75,120,1.0,1,1
1,0,2,1,1,19008,3191,348,180,1.0,2,1
1,0,1,0,1,23505,1837,126,120,1.0,0,1
1,1,1,1,1,23307,689,186,180,1.0,0,1
0,0,1,0,0,16706,3759,69,120,1.0,1,0
1,0,0,1,1,20471,2103,489,240,0.0,1,1
0,1,3,0,0,23556,365,260,360,1.0,1,1
1,1,2,1,0,2878,8092,600,360,1.0,0,1
1,1,3,1,1,21258,4172,484,120,1.0,1,1
1,0,2,1,0,3019,6033,256,240,1.0,2,1
0,1,1,1,1,23661,2378,488,360,1.0,1,1
0,1,0,0,1,9435,1205,91,180,1.0,1,1
0,1,3,1,0,7593,4988,460,120,0.0,0,1
0,0,0,1,0,6855,5669,572,360,1.0,1,0
1,1,2,0,1,22852,2735,659,360,0.0,0,1
0,0,0,1,0,10583,9867,476,120,1.0,1,0
1,0,0,0,0,7074,8490,324,120,0.0,2,0
1,1,3,1,0,21956,956,497,180,1.0,2,0
0,1,1,1,1,14824,9306,418,180,1.0,0,0
0,0,0,1,1,3757,6623,269,360,1.0,0,1
0,1,1,0,0,14911,1474,626,360,1.0,1,1
0,1,2,1,0,16733,4460,281,120,0.0,1,1
0,0,0,1,0,17387,7002,377,360,1.0,2,1
0,0,3,1,0,22308,6396,492,360,1.0,1,1
0,1,2,0,0,21121,2828,101,120,1.0,2,1
0,0,2,0,1,21777,2850,425,360,1.0,0,0
1,1,3,1,0,3505,2964,312,360,1.0,1,1
0,1,0,0,1,19900,4594,316,240,1.0,0,0
0,1,0,1,0,12360,9141,408,180,1.0,1,1
1,0,2,1,1,11570,6644,366,120,0.0,2,1
0,1,0,1,0,10888,2850,373,240,1.0,0,1
1,1,1,1,1,19656,165,612,180,1.0,0,0
1,1,3,1,0,21860,919,678,180,1.0,1,1
0,0,1,1,1,19635,8305,470,180,1.0,0,0
1,0,0,1,1,16109,3504,95,240,1.0,2,0
1,0,2,0,1,24353,991,649,240,1.0,0,0
1,0,3,0,1,17863,6047,318,180,1.0,0,1
1,0,0,0,1,21104,3839,650,360,1.0,1,0
0,1,0,0,1,18423,1258,430,360,0.0,0,0
1,0,2,0,0,16323,7609,167,240,1.0,1,1
0,0,2,0,1,19345,8706,615,240,1.0,1,1
1,0,1,0,0,23068,4804,165,240,0.0,0,1
1,1,3,1,0,10047,67,679,180,0.0,2,1
1,0,3,1,0,13015,9788,309,360,1.0,1,1
1,0,2,1,0,1734,5660,124,240,1.0,0,0
0,1,1,1,0,16062,4478,529,240,1.0,1,1
0,0,3,0,1,19432,8210,354,120,0.0,2,1
1,1,2,0,1,8980,3521,56,180,0.0,2,0
1,1,0,1,1,5713,572,415,120,1.0,1,1
0,1,3,1,0,11793,7082,683,360,1.0,2,0
1,1,1,0,1,3173,7832,572,120,1.0,0,1
1,1,1,1,1,24592,5395,397,120,1.0,0,1
1,0,1,1,1,3600,2258,487,120,1.0,1,1
0,1,0,1,1,13349,6039,264,180,1.0,2,1
0,1,3,1,1,21632,650,478,360,0.0,0,1
0,0,3,0,0,21057,5741,547,120,1.0,0,0
1,1,0,1,1,19699,6838,589,180,1.0,0,1
1,0,3,1,0,5341,2587,416,360,1.0,1,0
0,0,0,0,0,11697,7876,362,240,1.0,1,1
0,0,0,0,0,9516,3262,587,120,1.0,0,1
0,1,0,1,0,8511,1338,103,360,1.0,0,1
0,1,1,0,0,5993,4996,590,120,1.0,2,1
1,1,3,1,1,18558,5780,516,240,0.0,2,0
0,0,0,1,1,10078,2827,213,360,1.0,2,0
1,1,3,0,1,3658,5232,383,180,1.0,1,0
0,1,1,1,0,20545,2217,596,360,1.0,0,1
1,1,0,1,1,3564,3539,397,180,1.0,1,1
0,0,2,1,1,4753,7845,322,360,1.0,0,1
0,0,1,1,0,22863,9229,463,180,1.0,2,0
0,1,2,0,0,14328,4383,549,240,1.0,2,1
0,1,3,0,0,2901,2961,142,240,1.0,2,1
1,1,3,1,0,21143,3226,128,240,1.0,2,1
0,1,1,0,1,16693,6837,671,360,1.0,0,1
1,0,3,1,0,13596,7031,266,240,0.0,2,1
1,0,2,1,0,21807,9290,407,120,0.0,0,1
1,0,0,1,1,5714,9131,667,240,1.0,0,0
1,0,0,1,1,21111,3716,556,180,1.0,1,0
0,1,0,1,0,12523,3414,608,180,0.0,2,1
1,1,1,0,1,13450,1448,230,180,1.0,2,1
1,1,3,1,0,12204,570,625,360,1.0,1,1
1,0,2,0,0,11843,2904,295,120,0.0,0,0
0,1,3,0,1,13367,2505,293,240,1.0,2,0
0,0,3,1,1,4245,917,555,120,0.0,0,0
0,0,3,1,0,23975,6982,471,120,0.0,1,0
0,1,0,1,0,5366,7427,369,180,1.0,0,1
1,1,2,1,0,13456,6336,136,180,0.0,2,0
1,1,2,1,1,7318,1678,266,180,1.0,0,1
0,0,3,0,0,20106,615,539,360,1.0,0,1
1,1,0,1,0,17593,9941,568,120,1.0,2,1
1,0,0,1,0,20676,7086,327,120,1.0,2,1
1,1,2,0,0,16993,4749,218,360,1.0,0,1
0,0,0,0,0,21947,3505,379,360,1.0,0,1
0,0,0,1,1,19408,4529,699,360,1.0,1,1
1,1,0,0,0,9724,1135,490,120,1.0,2,0
0,0,1,1,0,24082,8566,440,120,1.0,0,1
0,0,3,0,0,5525,7226,545,180,1.0,2,1
0,1,2,0,0,20450,5162,430,180,0.0,1,1
0,0,2,1,1,20687,206,355,120,0.0,0,1
0,1,1,0,1,21593,4875,562,180,1.0,0,1
1,0,3,0,1,7655,1319,237,360,0.0,0,1
0,1,2,0,0,15339,1141,565,240,1.0,2,1
1,1,0,0,0,2219,4627,693,180,1.0,1,0
1,0,2,0,1,16390,7389,476,120,1.0,2,0
0,0,0,0,1,24400,2690,551,180,1.0,0,1
1,0,1,1,1,22463,7323,309,180,0.0,1,1
1,0,0,1,0,18856,3255,562,180,1.0,0,1
1,0,2,0,0,21602,8281,120,240,1.0,0,0
0,1,2,1,1,22286,5213,527,360,1.0,2,1
0,0,2,1,1,22436,4108,227,120,1.0,0,0
1,1,1,1,1,20091,3020,506,240,1.0,1,0
0,1,1,0,0,5926,1857,238,120,1.0,0,0
0,0,3,1,0,24803,8996,340,120,1.0,0,0
0,1,2,0,0,14012,9136,569,120,1.0,2,1
0,1,0,1,1,16564,2789,341,240,1.0,1,1
1,1,1,0,1,15267,3875,684,360,1.0,2,0
1,1,2,0,0,12808,7605,332,120,1.0,0,1
0,0,2,1,1,12977,9802,593,360,1.0,2,1
0,1,1,1,0,14403,8135,426,360,1.0,2,1
1,0,3,0,1,10180,6055,205,180,1.0,2,1
1,0,1,1,1,3704,3882,557,240,1.0,2,0
0,1,1,1,1,23229,7175,462,240,1.0,0,1
1,0,0,1,1,21160,7129,577,180,0.0,0,1
0,0,0,0,0,2602,5021,404,180,1.0,1,0
0,0,3,0,1,6743,4735,608,360,1.0,2,0
1,1,2,1,0,8114,2387,236,120,0.0,2,1
1,0,1,1,0,17799,6582,80,240,1.0,1,1
0,0,3,1,0,10207,9133,309,120,1.0,2,1
0,0,0,0,1,15413,5866,470,120,1.0,1,1
1,1,1,0,0,23107,2566,578,180,1.0,0,1
0,0,2,1,0,2130,975,600,120,1.0,1,1
1,1,0,1,0,13408,7212,353,360,0.0,2,1
0,1,0,1,1,12347,9146,88,180,1.0,1,1
1,1,0,1,1,10671,1262,538,120,1.0,0,1
1,1,3,1,0,14221,5047,693,180,0.0,2,1
1,1,2,1,1,24567,9135,591,360,0.0,0,1
0,1,1,0,0,18161,7382,327,360,1.0,0,0
0,0,3,1,0,18116,6231,252,120,1.0,1,1
1,1,3,0,1,11244,3327,115,180,0.0,0,1
0,0,3,1,0,7190,5630,157,120,1.0,2,1
1,0,0,1,1,14901,2259,317,120,1.0,0,0
1,1,2,0,1,9159,1257,271,180,0.0,0,1
0,0,3,0,0,12101,464,579,120,1.0,1,1
0,0,1,0,1,13204,3294,139,360,1.0,0,1
1,0,2,0,1,1525,6774,304,180,1.0,1,0
0,0,1,1,0,16884,7431,504,180,1.0,1,1
0,1,2,0,0,15205,1230,302,180,1.0,2,1
1,0,1,1,1,24294,9076,306,180,1.0,2,1
1,1,0,0,1,10152,3805,432,120,1.0,2,1
0,0,3,1,0,21648,6419,491,120,1.0,2,0
1,0,1,1,1,24483,5750,648,360,1.0,1,1
1,1,2,1,1,14879,3856,139,240,1.0,0,1
0,0,3,1,1,22986,3135,439,240,1.0,2,1
1,0,3,1,1,8506,6953,631,360,1.0,2,1
1,0,2,1,1,21367,9116,93,240,1.0,2,1
0,1,1,0,1,19878,6034,647,360,1.0,0,1
0,0,0,1,1,10182,4589,68,120,1.0,2,1
1,1,0,0,0,2572,1546,150,180,0.0,0,1
1,0,1,0,0,24591,6065,656,180,1.0,1,1
0,1,3,1,0,1715,1094,406,120,1.0,1,0
0,1,3,0,0,11415,2411,591,180,0.0,1,0
0,0,3,1,0,11284,2617,82,180,1.0,0,0
0,0,3,0,1,20490,8954,278,240,1.0,2,1
1,1,1,1,1,16324,4145,573,120,1.0,2,0
0,1,3,0,1,22665,2775,679,240,1.0,2,1
0,0,2,1,1,4813,6628,204,240,0.0,2,1
1,1,3,1,0,12533,3155,472,180,1.0,2,0
0,0,0,1,1,11468,3970,295,180,1.0,0,1
1,0,3,1,1,17741,7972,454,120,1.0,1,1
0,0,1,0,0,7439,8775,590,180,1.0,2,1
0,0,0,1,1,16196,5415,210,180,1.0,1,1
0,1,1,0,1,16294,4331,166,120,1.0,0,1
1,0,1,0,0,3795,1942,320,180,1.0,0,1
1,1,0,0,1,23569,6026,536,240,1.0,2,0
0,0,1,1,1,3196,8301,221,120,0.0,0,1
1,1,1,0,1,12685,191,323,180,0.0,1,1
1,0,3,0,1,19830,9095,308,360,1.0,2,1
1,1,2,0,1,13501,861,184,120,1.0,2,1
1,1,1,1,0,15850,6711,471,120,1.0,1,0
1,0,1,1,0,20667,9275,470,360,1.0,2,1
1,0,1,0,0,5144,649,235,180,0.0,2,1
0,0,3,1,0,23125,4134,413,180,1.0,1,1
0,0,2,1,0,7920,7587,656,120,1.0,2,1
1,1,0,0,0,13337,8828,427,120,0.0,2,1
0,0,3,0,1,20529,1036,572,180,1.0,1,1
0,1,3,1,0,24473,4131,629,180,0.0,0,1
0,1,2,0,0,7853,2148,245,240,0.0,1,1
0,0,2,1,1,12041,5457,147,120,1.0,2,1
1,1,3,1,1,3432,6079,654,120,1.0,1,1
0,1,0,1,0,12986,2430,71,360,0.0,2,1
0,1,3,1,1,3257,1879,499,240,0.0,2,1
1,1,2,1,0,6585,7542,221,180,1.0,1,0
1,0,0,1,1,7137,2011,432,240,0.0,2,1
0,0,2,0,0,2616,3373,183,180,1.0,0,1
0,0,0,0,1,12259,7357,475,180,1.0,2,1
0,0,1,1,1,13191,1289,74,240,0.0,1,1
0,1,2,1,0,1992,1447,552,120,1.0,0,1
0,1,2,1,0,10311,3199,234,180,0.0,0,1
0,0,3,0,0,7974,6381,134,240,1.0,2,1
1,0,2,1,0,15885,7522,616,360,1.0,1,1
0,0,2,0,0,11238,6059,193,240,1.0,2,1
0,1,1,1,1,22842,3183,461,360,1.0,2,1
1,0,2,1,0,15479,5462,273,180,1.0,1,1
1,0,1,0,0,13255,3216,269,240,1.0,1,1
1,0,1,0,1,11297,3136,228,240,1.0,2,1
1,1,1,1,1,16107,3318,680,360,1.0,0,1
0,1,1,1,0,14367,2782,482,240,1.0,2,0
0,1,0,1,1,20627,9182,314,240,0.0,0,0
0,1,3,0,1,9366,7657,478,180,1.0,2,1
0,1,0,0,0,16949,4920,465,240,1.0,1,1
0,1,2,0,1,12185,6324,502,120,1.0,0,1
0,1,0,0,1,6951,6327,246,360,1.0,1,0
1,1,0,0,0,23142,8417,603,240,1.0,1,1
0,0,2,0,0,10048,776,102,360,1.0,1,1
1,0,2,1,1,8686,5208,529,360,1.0,1,1
1,1,2,1,1,7602,687,492,360,1.0,1,1
0,1,0,0,0,2119,529,379,240,0.0,2,1
1,0,0,1,1,2382,5067,300,240,1.0,0,1
0,1,2,1,1,5142,8080,172,360,1.0,2,1
1,1,3,0,1,2796,5518,436,120,1.0,2,1
0,1,3,1,0,15622,2153,388,360,1.0,2,0
1,0,1,0,1,4395,9486,397,120,1.0,1,1
0,0,2,0,1,24477,6094,78,360,1.0,2,1
0,0,1,1,0,18813,6974,84,180,1.0,0,1
0,0,3,0,1,6866,9718,567,360,1.0,2,1
0,0,1,0,1,10211,4774,445,360,1.0,1,1
0,1,2,0,0,21096,7692,672,240,1.0,0,1
1,0,2,0,0,20293,3103,343,120,1.0,0,1
1,1,2,0,0,9699,2440,638,180,1.0,0,1
1,1,0,0,0,12217,4135,398,120,1.0,0,1
0,0,1,0,1,4923,7124,196,180,1.0,2,1
1,0,3,0,1,11711,5201,116,360,1.0,1,1
0,1,3,1,0,14282,844,569,240,1.0,0,1
0,1,3,1,0,24860,446,171,240,1.0,0,1
1,1,0,1,1,23042,3915,389,120,1.0,1,1
1,0,0,0,0,13974,3109,224,240,1.0,2,1
0,0,2,0,1,5167,1234,646,120,1.0,0,1
1,0,3,1,0,23857,6587,500,120,1.0,2,1
0,0,0,1,1,24120,226,606,180,1.0,2,1
0,0,2,1,0,9777,4143,185,120,1.0,2,1
0,1,3,0,0,13924,7185,65,180,0.0,2,0
0,0,1,1,1,20352,5558,382,240,1.0,0,1
0,1,2,1,0,24101,186,244,120,1.0,0,1
1,1,0,0,1,21503,2535,545,120,0.0,2,1
1,1,0,1,1,19520,1932,58,360,0.0,2,1
0,0,2,0,1,9655,9040,383,120,1.0,1,1
0,0,2,0,1,5083,2032,382,120,1.0,1,1
1,0,0,0,1,17015,1252,376,360,1.0,1,1
1,1,1,1,0,5509,5509,64,360,1.0,0,1
0,1,3,1,0,21210,5074,663,240,1.0,1,1
1,1,1,0,1,11910,1881,275,120,1.0,0,1
0,1,2,1,0,20101,269,474,240,1.0,0,1
1,1,1,1,1,6467,1630,457,240,0.0,0,1
0,1,0,1,0,20253,4405,162,360,0.0,0,0
1,0,2,1,0,21522,6139,477,180,1.0,1,1
0,0,3,0,0,12195,1574,50,240,1.0,2,1
1,0,0,1,0,10635,1695,315,180,1.0,2,1
1,0,0,0,1,7222,3258,540,120,0.0,2,1
0,1,3,0,1,17014,3262,257,360,1.0,1,0
1,1,3,1,0,12628,1445,671,120,1.0,2,0
0,0,1,0,0,5944,6263,418,120,1.0,1,1
1,1,2,1,1,9118,8411,355,360,1.0,1,0
0,0,3,1,0,21831,52,61,120,1.0,1,1
1,0,3,0,1,19560,9949,394,360,1.0,2,1
0,0,2,0,1,2696,5570,514,180,1.0,2,0
1,1,3,0,1,13797,7579,543,120,1.0,2,0
0,0,3,0,0,4287,1666,417,360,1.0,0,1
1,0,1,1,1,9427,6901,469,240,1.0,1,0
0,0,0,1,0,21202,2785,220,120,0.0,0,0
0,1,0,1,1,24573,719,183,180,0.0,1,0
0,1,0,0,0,3676,8597,476,360,0.0,2,0
1,0,0,0,0,21627,6855,74,120,0.0,1,0
0,1,3,0,0,10292,2294,579,120,1.0,1,1
1,1,2,1,1,22306,8263,239,120,1.0,0,0
0,1,2,0,1,21708,9421,190,180,1.0,1,1
1,1,1,1,0,10671,9759,604,360,0.0,2,0
0,1,1,0,0,3951,4482,364,240,1.0,1,1
1,1,3,1,0,2128,698,493,240,1.0,1,1
1,1,2,1,1,11321,7243,368,240,0.0,1,1
0,1,2,0,1,9278,9018,490,360,1.0,0,1
1,1,0,0,1,5196,5918,141,240,1.0,1,1
1,1,3,1,1,21558,348,228,180,1.0,1,0
0,0,3,1,0,21813,5374,105,360,1.0,0,0
1,0,0,0,0,20649,7869,204,120,1.0,0,1
1,1,3,0,1,22253,307,160,180,1.0,0,0
1,0,3,1,1,14472,3416,186,120,1.0,0,0
0,0,1,0,0,9807,4820,281,240,0.0,2,1
1,1,2,1,1,6456,3558,517,180,1.0,2,1
0,1,3,1,1,11695,4478,530,360,1.0,1,0
1,1,1,0,1,18576,6531,117,180,1.0,2,1
1,0,2,0,1,21046,4620,298,120,1.0,1,0
1,0,0,0,1,2605,2985,372,360,1.0,2,0
0,1,1,0,1,20892,8112,567,180,1.0,0,0
1,1,1,0,0,20045,8467,481,180,1.0,0,1
1,1,2,1,1,16917,2547,536,180,1.0,2,1
0,0,0,1,1,15688,336,655,180,1.0,2,1
1,0,1,0,0,21583,2979,478,360,1.0,1,1
0,0,3,0,0,14102,3968,318,120,1.0,1,1
0,0,3,0,0,21670,910,586,180,1.0,1,1
1,1,3,1,1,10756,1996,197,360,1.0,0,1
0,1,0,0,0,22084,3129,167,120,0.0,0,0
1,1,1,0,1,15712,5447,416,180,1.0,0,1
0,1,3,1,1,3413,6129,115,120,1.0,0,1
0,0,0,1,1,23404,5850,419,120,1.0,1,1
1,0,3,0,0,12093,4204,224,360,1.0,0,1
0,1,2,0,0,3272,7446,637,120,1.0,0,1
0,1,1,0,0,20664,8519,544,360,1.0,0,1
0,0,1,1,0,14496,9991,163,180,1.0,0,1
0,1,0,0,0,4371,314,160,120,1.0,2,1
0,0,0,0,1,14734,1134,488,120,1.0,1,1
1,1,1,0,1,18544,4876,196,240,1.0,1,0
0,1,3,1,1,24126,8102,84,180,1.0,0,0
1,1,3,1,1,12021,9712,358,180,1.0,2,0
0,1,2,0,0,12142,8347,587,240,0.0,1,0
1,1,3,0,0,2632,5592,63,240,1.0,1,0
1,1,0,1,1,2199,1724,423,360,1.0,0,0
0,1,0,1,0,16034,3343,606,360,1.0,0,1
0,0,3,1,0,11730,886,477,120,1.0,1,1
0,0,0,1,1,7797,721,282,120,1.0,1,1
1,0,1,1,1,14339,7678,612,120,1.0,2,1
0,0,1,1,0,9312,9104,489,120,1.0,1,1
1,0,3,1,0,6057,3357,551,360,1.0,1,1
1,1,1,1,1,3679,870,324,180,0.0,0,0
1,1,1,1,1,12530,6751,125,120,1.0,1,0
0,0,2,0,1,10565,497,488,180,1.0,0,1
0,1,2,0,0,9775,1756,338,120,0.0,1,1
1,0,1,0,1,19306,1117,589,240,0.0,1,0
1,0,3,1,1,16589,2828,302,120,1.0,1,1
0,1,2,0,0,4680,1647,175,120,1.0,2,0
1,1,0,1,0,22200,6992,226,120,0.0,0,1
0,1,0,1,0,8196,6771,86,360,1.0,2,1
1,0,0,0,0,11083,142,459,240,1.0,1,1
0,1,3,1,0,18498,2761,660,120,1.0,2,0
1,0,1,0,1,15369,3435,659,120,1.0,0,1
0,0,0,0,1,13257,6622,176,180,1.0,1,1
1,0,3,0,0,22454,7069,532,240,1.0,2,1
0,1,2,1,0,18154,4512,217,120,1.0,2,1
0,1,1,0,0,13758,1848,641,180,1.0,0,0
1,0,2,1,0,3968,2696,343,180,1.0,2,0
1,1,3,0,0,15708,1717,687,360,0.0,0,1
0,1,0,0,1,16542,3072,392,180,0.0,1,1
1,1,0,0,1,17139,9259,359,120,1.0,1,1
0,0,3,1,1,13046,2786,577,360,1.0,2,1
1,0,0,1,1,13827,3791,589,360,1.0,1,0
0,1,1,1,0,15770,9480,468,120,1.0,1,1
0,0,3,0,1,17023,3871,493,240,1.0,2,1
0,1,2,0,0,15800,1806,607,180,1.0,1,1
0,1,3,1,0,21491,1504,285,360,0.0,2,0
0,1,1,1,0,12275,3308,488,240,1.0,0,0
0,1,1,1,1,13765,7117,263,120,1.0,0,0
1,0,3,1,0,20959,5048,134,180,1.0,0,1
1,0,3,1,1,18173,8263,134,180,1.0,2,1
1,0,0,1,1,8114,1690,538,360,1.0,2,0
0,1,1,0,0,4752,9536,114,180,1.0,1,1
0,1,3,1,0,8915,3303,695,180,1.0,1,1
0,1,3,0,0,24655,3113,676,180,0.0,1,1
0,0,1,0,1,18162,9074,113,180,1.0,1,0
1,1,3,1,0,12616,7850,392,120,0.0,1,1
1,0,0,1,1,18464,6416,401,240,1.0,2,1
0,0,1,0,0,6458,1504,207,120,1.0,2,1
1,0,0,1,0,5776,8924,638,120,1.0,0,1
1,0,0,1,1,6276,9940,540,360,1.0,0,1
0,0,0,0,1,18708,3924,512,180,1.0,0,0
1,0,0,0,1,5332,8615,274,120,1.0,0,0
0,1,1,0,1,16401,9783,362,180,1.0,2,1
1,1,0,1,1,6945,4485,664,120,1.0,2,0
0,0,0,0,1,2880,8100,515,120,1.0,2,0
0,0,3,1,0,11365,8684,137,360,1.0,1,1
0,1,1,0,0,24418,191,352,240,1.0,1,1
0,0,1,0,1,15426,8690,484,240,1.0,0,0
1,0,2,0,0,21040,4917,184,120,1.0,1,1
0,1,1,1,1,13080,5831,99,360,0.0,2,1
0,0,1,1,0,22191,9448,481,180,1.0,0,0
0,0,2,0,0,7134,4322,389,180,1.0,0,1
1,0,1,0,1,7310,6999,396,120,1.0,1,1
0,1,1,0,1,23818,9008,695,240,1.0,0,1
1,1,1,1,1,11679,7282,396,360,1.0,1,1
0,1,1,0,0,13751,9665,698,240,0.0,1,0
1,0,2,1,1,14631,9278,294,180,0.0,0,1
1,0,1,0,0,20993,1874,158,240,1.0,1,1
0,1,1,0,1,21966,9062,582,180,1.0,1,1
1,0,2,0,0,14207,4763,139,360,1.0,1,1
0,0,3,0,0,21124,8464,345,360,1.0,1,1
0,0,0,0,1,23912,9221,161,120,1.0,0,1
0,0,3,0,0,19733,1051,638,120,1.0,2,0
1,0,2,1,0,4249,9765,226,240,1.0,2,1
1,1,0,0,1,14656,7538,392,360,0.0,1,1
0,0,2,1,0,24564,7411,150,360,1.0,1,1
0,1,2,0,1,18089,6320,678,120,1.0,1,1
1,0,1,0,1,22475,2105,653,180,0.0,2,1
0,1,0,1,1,4950,307,450,240,1.0,1,1
0,0,1,0,1,8714,7737,77,240,0.0,0,0
0,1,0,1,0,21695,3359,586,120,1.0,0,1
1,0,2,1,0,13314,3176,107,360,1.0,0,1
1,1,2,0,0,6641,1251,547,120,0.0,2,1
1,0,3,1,1,4208,5366,346,120,1.0,1,0
0,1,0,1,0,19875,1517,183,120,1.0,1,1
0,0,1,0,0,16588,6226,380,120,1.0,1,1
0,1,3,1,1,13334,5305,298,180,1.0,2,1
1,1,3,0,1,13778,9570,599,180,1.0,2,1
0,0,3,0,0,11514,5869,124,360,0.0,2,1
0,0,1,0,1,4773,8039,217,120,0.0,2,0
0,1,3,0,1,15867,4891,552,180,0.0,0,1
0,0,1,1,1,6038,4992,404,360,1.0,2,1
1,1,3,0,1,14041,1961,274,120,1.0,2,1
1,1,1,0,0,10212,2863,580,240,1.0,2,1
0,1,2,1,1,10668,6603,195,180,0.0,1,1
1,0,2,0,1,21606,4567,290,360,1.0,1,1
1,1,2,0,1,5051,6513,393,240,1.0,1,1
0,1,2,1,1,13797,4005,84,120,1.0,0,1
0,0,2,1,1,12465,9114,50,120,1.0,0,1
1,0,3,1,1,4332,183,202,120,1.0,2,1
0,0,3,1,1,23563,7755,478,180,0.0,1,0
1,0,3,1,1,24463,3358,557,360,0.0,0,1
0,1,1,1,0,14922,6615,175,240,1.0,1,1
1,1,1,1,1,1652,9590,540,360,1.0,0,0
0,1,1,0,0,23638,6797,531,180,0.0,0,1
1,1,1,1,1,12656,8728,394,360,1.0,2,0
1,0,2,1,1,12608,7678,270,180,1.0,2,0
1,1,2,1,1,4300,5698,74,120,1.0,0,0
0,1,2,0,1,6810,1273,577,240,1.0,2,0
1,0,0,0,0,11444,6653,231,120,1.0,0,1
1,1,3,1,1,4110,1096,548,360,1.0,0,1
0,1,1,1,1,13567,9497,690,120,1.0,1,1
0,1,1,1,0,2604,9107,91,240,1.0,2,1
1,1,2,0,0,12228,8002,530,120,0.0,2,1
1,1,1,0,1,22083,4247,488,240,0.0,2,0
0,1,1,1,0,21738,9220,451,240,0.0,1,1
0,0,3,0,0,8763,5314,595,120,1.0,1,0
0,0,2,1,0,3414,3354,394,180,1.0,1,0
0,1,3,0,1,20956,270,94,360,1.0,2,0
0,1,0,0,1,1906,1186,695,180,0.0,2,0
1,0,0,1,1,15189,6305,70,180,1.0,2,0
0,1,0,1,0,1666,2398,683,120,1.0,1,0
1,1,2,1,1,2008,6995,119,360,1.0,1,1
1,1,1,1,0,19545,7299,97,360,1.0,0,1
1,0,2,0,1,5164,4182,540,180,1.0,1,0
0,1,2,0,1,21373,9903,600,120,0.0,0,0
1,0,1,0,0,14550,2230,336,360,0.0,2,1
1,1,3,1,1,2180,6511,59,180,1.0,1,1
0,0,0,0,0,20408,128,591,360,0.0,2,1
1,0,3,1,0,20004,9461,323,120,1.0,2,1
1,1,0,0,1,23144,3672,649,120,1.0,2,0
0,0,2,1,0,5857,9793,430,120,1.0,2,0
1,1,0,1,1,2863,4765,378,360,1.0,1,1
1,0,2,0,1,11023,3970,528,240,1.0,2,1
1,1,3,1,0,3792,7545,64,360,0.0,0,1
0,1,2,1,1,3038,5552,565,240,1.0,1,1
0,0,3,0,0,4908,627,240,120,1.0,2,1
0,1,1,1,1,10252,6589,217,180,1.0,1,1
1,1,1,1,1,19787,2044,570,240,0.0,0,1
1,0,1,1,1,1674,2341,670,120,1.0,2,1
0,1,2,0,1,3730,5884,186,120,1.0,0,1
1,1,1,0,1,5787,8185,203,240,1.0,2,1
1,0,0,1,0,22044,249,437,180,1.0,0,1
0,0,3,0,0,13612,2925,258,120,1.0,2,1
0,1,3,1,0,8606,5043,321,240,1.0,1,1
1,1,0,1,0,11189,974,192,180,1.0,2,0
1,0,2,1,0,13546,9517,660,180,1.0,1,0
1,0,2,1,0,21055,7192,118,120,0.0,2,0
0,1,3,1,1,19451,9175,296,360,1.0,2,0
0,0,1,0,1,2651,9080,310,360,1.0,0,1
0,1,2,1,0,9119,2672,128,120,0.0,0,1
0,1,2,0,0,7533,7279,672,180,1.0,0,1
1,1,0,0,1,10060,7531,654,120,0.0,2,0
0,1,0,1,1,6446,9518,574,240,1.0,2,0
0,1,1,1,1,3407,8662,670,360,1.0,2,1
0,0,2,0,0,4990,1987,379,240,1.0,1,1
0,0,2,0,0,20419,90,238,120,0.0,1,1
0,0,0,0,0,5673,8721,144,120,1.0,2,0
1,0,2,1,1,12565,4059,666,180,1.0,0,1
1,1,3,0,1,19177,2773,57,180,0.0,0,1
0,1,0,1,0,6269,9878,116,180,1.0,0,1
1,1,1,1,0,6296,8383,545,240,1.0,2,1
0,1,0,1,1,14546,7409,240,180,1.0,0,0
0,0,2,0,1,15711,4440,415,120,1.0,2,1
1,1,1,1,1,24755,7347,570,180,1.0,1,0
1,1,0,1,1,20856,1008,166,360,1.0,0,1
0,0,3,1,0,21806,3783,316,180,1.0,1,0
0,0,3,1,1,6497,6646,660,240,1.0,0,0
0,0,0,1,1,24916,4298,534,360,0.0,2,1
1,0,3,0,1,18876,4668,558,360,0.0,2,1
0,1,3,1,0,9612,4287,347,360,1.0,2,1
0,1,3,1,0,6787,2052,213,240,0.0,2,1
0,0,1,0,1,12078,6009,425,120,1.0,0,0
1,1,3,1,1,20124,1716,317,180,1.0,1,1
0,1,3,0,1,19360,310,598,360,1.0,2,0
0,1,3,1,0,7926,4538,123,360,1.0,0,1
1,0,1,0,0,13099,1260,557,360,1.0,1,1
0,1,0,0,0,1889,3932,122,120,0.0,2,1
0,0,2,1,1,2499,584,357,120,1.0,1,1
1,1,3,1,0,14312,7616,248,240,0.0,2,1
0,1,0,1,1,17099,8551,179,120,1.0,1,0
1,1,3,0,1,3355,2866,621,180,1.0,1,1
1,0,1,0,1,9625,5898,664,240,1.0,2,0
0,1,0,0,0,15294,2011,536,240,1.0,0,1
0,0,1,1,1,4263,6251,200,180,1.0,1,1
0,0,3,0,0,21547,4939,255,180,1.0,2,0
0,0,3,0,0,6486,4006,228,180,1.0,1,0
1,1,1,1,1,2981,1625,246,240,1.0,1,1
0,1,2,0,1,5231,890,138,240,1.0,0,0
1,1,1,0,0,18335,6078,483,240,1.0,1,1
0,1,3,1,1,20977,7036,232,180,0.0,1,1
0,0,1,0,0,18766,8923,258,180,1.0,2,1
0,0,2,1,1,22292,3961,542,360,1.0,2,0
1,0,1,1,0,21952,2504,179,120,0.0,0,1
0,1,2,1,0,12258,8806,62,360,1.0,1,1
0,0,2,1,0,21161,3806,683,180,1.0,1,1
0,1,1,1,0,17811,6100,155,240,0.0,1,1
0,0,1,0,1,10066,1719,424,180,1.0,0,1
1,1,0,0,1,13389,6686,631,120,1.0,1,1
0,1,3,1,0,12754,1587,148,360,1.0,2,1
1,0,2,1,0,22574,7000,643,360,0.0,0,1
1,0,0,0,1,12942,9803,636,240,0.0,2,1
1,0,1,1,1,15021,896,241,360,1.0,2,1
1,0,3,1,1,22479,5558,374,360,1.0,0,1
1,1,0,1,1,6059,8469,516,180,1.0,2,1
1,0,2,0,1,17699,4647,416,360,1.0,1,0
0,0,0,0,1,8791,9828,367,360,1.0,0,1
1,0,2,1,0,9660,2432,193,360,1.0,2,1
1,1,1,1,1,1612,3904,433,240,0.0,1,1
1,1,3,0,1,23015,6837,265,240,0.0,1,0
0,0,3,0,0,21081,1449,410,180,1.0,2,0
0,1,3,1,1,17424,4500,373,360,1.0,1,1
1,0,1,1,1,18023,5454,64,240,1.0,0,1
0,1,2,0,1,2924,9424,266,240,1.0,2,1
1,1,1,0,1,20833,4117,541,180,1.0,1,1
1,1,3,0,1,21052,8869,596,120,0.0,1,1
0,1,1,1,0,12308,2028,232,360,1.0,2,1
1,0,1,0,1,7543,6845,319,240,1.0,2,0
0,0,1,1,0,8489,3758,516,180,1.0,2,1
0,0,2,0,0,7761,5904,661,180,1.0,2,1
1,1,0,0,1,2387,4624,568,180,1.0,0,1
1,0,0,0,0,20988,8848,591,240,1.0,2,1
0,0,1,0,1,17933,165,516,360,1.0,0,1
1,0,0,1,0,21835,4591,354,120,0.0,0,1
1,1,0,1,0,21444,589,193,360,1.0,2,1
1,1,1,0,1,17902,4524,160,180,1.0,0,1
0,1,1,1,1,22705,2821,281,180,1.0,2,1
0,0,3,0,1,24224,6509,633,120,1.0,2,1
1,0,0,0,1,13753,7693,641,360,1.0,1,1
0,0,2,0,1,20490,9454,549,180,1.0,2,1
0,1,1,0,0,9346,71,644,180,1.0,1,1
0,1,3,1,0,7932,3580,603,360,1.0,0,1
0,0,2,0,0,14952,7962,322,180,1.0,1,1
0,1,0,0,0,14895,268,222,360,1.0,0,1
1,1,3,1,0,5265,9968,56,180,0.0,2,1
1,1,1,0,0,20322,2462,204,360,1.0,0,1
1,1,2,0,0,17450,9460,571,120,1.0,0,1
0,0,1,0,1,14002,1015,595,180,1.0,2,0
0,1,0,1,1,11241,9275,597,120,1.0,0,1
1,1,2,0,0,24242,7984,567,180,0.0,2,1
0,1,0,1,0,7441,406,264,180,1.0,1,1
1,1,0,0,1,6355,7384,183,240,0.0,2,1
1,0,3,0,1,24431,6049,334,360,0.0,2,0
1,0,1,1,1,23795,6169,175,120,1.0,0,1
0,1,2,0,1,24365,7982,488,120,1.0,1,0
0,1,0,0,0,16666,985,201,120,1.0,2,1
1,1,0,1,1,20645,4485,380,360,0.0,1,1
1,1,2,1,0,22340,8901,587,240,1.0,1,0
1,1,0,1,0,24245,2618,432,120,1.0,0,1
1,1,3,1,0,23577,6289,164,360,1.0,2,1
0,0,3,1,1,7288,9603,531,180,1.0,0,1
0,1,3,0,1,1701,6928,333,120,1.0,2,1
1,0,3,1,0,24044,5368,124,120,1.0,1,1
1,0,0,0,0,12061,4621,215,240,1.0,2,1
0,1,2,0,0,18401,9677,238,120,0.0,2,1
0,0,2,0,1,9237,7566,127,120,1.0,1,0
1,0,2,1,0,3488,4670,651,180,1.0,1,0
1,0,2,1,1,16941,7658,70,360,1.0,2,1
1,0,1,0,0,13237,1003,615,360,1.0,0,1
0,0,2,1,0,15756,7504,233,240,1.0,2,1
0,0,1,1,0,21686,2466,271,180,1.0,1,1
0,1,1,1,1,23692,1939,377,360,1.0,0,0
1,0,3,1,1,8662,1635,228,180,1.0,1,1
1,0,1,0,0,14565,9890,161,360,1.0,1,1
0,0,0,0,1,24125,8095,108,180,1.0,0,0
0,1,1,1,0,15614,6265,376,240,1.0,1,0
1,0,3,0,1,9899,1895,670,120,1.0,1,1
0,1,1,1,1,7133,6524,240,240,1.0,1,1
0,0,0,1,1,7255,1073,249,360,1.0,1,1
1,1,0,0,0,12325,5184,361,240,1.0,1,0
0,1,0,0,1,24193,2402,84,120,1.0,1,1
1,0,3,0,1,5617,4895,428,240,0.0,1,1
1,0,3,1,0,3018,7331,436,360,0.0,1,1
1,1,2,0,0,24047,9343,286,360,1.0,1,1
1,0,3,1,0,17846,1956,665,240,1.0,2,1
1,1,0,0,0,4100,7023,568,120,0.0,2,0
1,1,0,0,1,14737,3907,332,240,1.0,1,0
1,1,3,1,1,20079,807,50,120,1.0,2,0
0,1,1,1,1,5054,8378,513,180,0.0,0,1
1,1,3,1,1,17693,4827,279,120,1.0,2,0
1,0,3,1,1,20733,4524,221,180,1.0,1,0
0,1,0,1,0,16753,9499,136,240,1.0,1,1
0,1,2,1,1,17694,2284,602,120,1.0,2,1
0,0,0,1,1,3242,5313,172,180,1.0,1,1
1,1,2,1,1,2806,757,347,180,1.0,0,0
0,0,0,0,0,5349,4887,624,180,1.0,0,1
1,0,3,1,0,13860,3854,533,360,1.0,1,0
1,0,0,1,1,14268,3558,214,240,1.0,0,1
1,1,0,0,0,14532,9772,432,180,1.0,0,1
1,1,0,1,0,5695,961,258,120,1.0,2,1
0,1,3,0,0,23062,3847,481,180,1.0,0,1
0,0,3,0,0,20439,6726,438,360,1.0,2,1
1,1,3,1,0,20189,3575,609,240,0.0,1,0
1,0,3,0,0,9119,9067,273,360,1.0,2,1
1,1,2,1,0,10780,2418,52,360,1.0,1,1
0,0,2,0,1,4142,4198,421,360,1.0,1,1
1,1,1,0,1,10869,1001,495,120,1.0,1,1
1,1,3,0,0,15796,5244,660,240,1.0,1,1
0,1,2,1,1,24293,7119,165,240,1.0,1,1
0,0,0,1,1,16938,4066,319,120,1.0,2,0
1,0,3,0,0,17174,2845,496,240,1.0,1,1
0,1,1,0,1,6257,9673,417,360,0.0,0,1
0,1,1,1,0,4494,8849,302,240,0.0,0,1
1,0,1,1,0,16726,5316,366,120,1.0,1,1
0,0,0,0,0,2771,422,464,360,1.0,0,0
1,0,2,0,1,3313,6715,144,120,1.0,2,1
0,1,0,1,1,20345,4266,73,180,1.0,2,0
1,0,3,1,1,22004,7549,677,360,1.0,1,1
1,1,1,1,1,24008,6316,99,360,1.0,1,1
1,0,0,1,0,9975,2710,551,240,0.0,1,0
0,1,0,1,0,5896,8644,547,360,1.0,0,1
1,0,2,0,1,10783,8069,384,120,1.0,0,1
0,0,2,1,0,14818,1657,128,240,1.0,2,1
1,0,1,0,0,18700,2541,631,180,1.0,0,0
1,0,0,1,1,1582,6763,76,120,1.0,2,1
0,0,0,0,0,3420,3075,320,180,1.0,0,1
1,1,2,1,1,9317,3164,611,180,0.0,2,1
1,0,0,1,0,13183,2053,296,180,1.0,1,1
0,0,0,0,1,12836,8479,640,360,1.0,0,0
1,0,0,0,0,17096,5737,436,120,0.0,2,1
1,1,2,1,0,3593,3217,608,120,1.0,0,1
1,0,1,1,1,14405,1447,410,360,1.0,1,0
1,1,3,1,1,24955,6009,537,240,1.0,2,1
0,0,1,1,1,9867,607,401,180,1.0,0,1
0,0,3,1,1,6785,4552,305,120,1.0,0,1
1,1,0,0,0,12396,1764,271,360,1.0,1,1
0,0,1,0,0,6437,9417,50,180,0.0,1,1
1,1,3,1,1,18253,9427,595,240,1.0,2,1
0,1,2,0,0,19702,9221,495,240,1.0,0,1
1,0,2,0,1,19985,2671,128,180,1.0,0,1
1,1,1,0,1,14477,6519,285,240,1.0,1,1
1,0,1,1,0,21374,3962,383,120,1.0,1,1
1,0,0,0,0,19663,3177,398,120,1.0,2,1
1,1,1,1,1,9174,3722,147,120,1.0,0,0
1,1,0,0,1,19248,4906,131,240,1.0,0,1
0,1,0,1,1,5176,7263,551,120,0.0,2,1
1,1,2,0,0,3926,5054,526,360,1.0,2,1
0,0,2,1,0,4462,9667,599,120,1.0,1,0
1,0,3,1,0,2359,808,63,120,0.0,1,0
0,1,2,0,0,13548,9170,441,240,1.0,2,1
0,0,2,1,1,5638,725,396,120,1.0,2,1
0,0,1,1,1,3924,7701,359,180,0.0,0,1
1,0,2,1,1,11909,1216,435,360,1.0,2,1
1,0,3,1,1,5517,4051,258,240,1.0,2,1
0,1,1,1,1,11951,2197,406,360,1.0,0,0
1,1,3,1,1,11778,2806,650,180,1.0,2,1
0,0,2,1,0,12496,8970,617,240,1.0,1,1
1,1,3,1,0,2634,972,143,240,1.0,1,1
0,1,1,0,1,23050,5634,142,120,1.0,0,1
0,1,0,0,1,6619,7483,389,360,1.0,2,0
1,0,3,1,0,7194,2123,646,180,1.0,1,0
0,0,3,1,0,24020,8790,494,180,1.0,1,1
1,0,1,0,0,23369,224,71,240,0.0,1,1
0,1,1,0,0,5664,9032,340,120,1.0,1,1
0,0,3,0,1,20230,1814,534,240,0.0,2,1
1,0,2,1,1,6539,1106,355,240,1.0,2,1
1,1,3,0,1,22781,124,683,240,1.0,2,1
1,0,1,1,1,16131,3246,177,240,1.0,2,0
0,0,0,1,1,11942,2931,674,180,1.0,1,1
1,1,0,0,0,9752,2971,322,180,1.0,0,0
0,1,2,1,1,22925,2017,491,240,1.0,0,1
0,1,3,1,0,21785,7415,552,240,1.0,1,0
1,0,0,1,1,19221,2415,179,120,1.0,1,1
1,0,3,1,1,19068,3096,181,240,1.0,0,1
0,0,1,0,1,22310,1609,646,180,1.0,0,1
0,1,0,0,1,3051,717,531,360,1.0,1,0
1,1,2,1,1,14125,3561,439,180,1.0,1,1
1,0,1,1,0,3129,9208,642,120,1.0,2,1
1,0,2,0,0,19410,6782,374,180,1.0,2,1
1,1,1,1,0,2861,1048,118,360,1.0,0,1
1,1,0,0,1,5870,9549,497,240,0.0,1,1
0,1,2,1,1,6783,8307,577,360,1.0,0,0
0,1,2,1,0,9110,7905,666,240,1.0,2,1
0,0,1,0,1,12058,9993,214,240,1.0,2,1
0,1,2,0,1,16424,5578,537,180,0.0,0,1
1,0,1,0,0,16339,1620,475,180,1.0,2,1
1,0,1,0,1,13449,6548,314,180,0.0,1,1
1,0,1,1,0,12126,7381,661,120,1.0,0,1
0,1,1,0,1,3493,4780,391,180,1.0,1,1
0,1,0,1,0,2369,3792,327,120,0.0,1,1
1,1,1,0,1,2514,2941,488,180,1.0,2,0
1,1,3,0,1,11603,5695,206,240,1.0,1,1
0,0,2,1,0,18486,6401,471,120,1.0,0,1
0,1,3,0,1,13513,9169,300,360,0.0,1,0
1,1,0,0,1,2190,6197,658,120,1.0,1,1
1,0,3,0,0,18373,5450,579,120,1.0,1,1
0,1,2,0,1,24748,8975,376,360,1.0,1,1
1,0,3,1,0,12248,8432,146,120,1.0,1,0
1,0,0,1,1,9524,5874,562,240,0.0,2,1
1,0,1,0,1,18178,1553,265,180,1.0,0,1
0,0,3,0,1,6988,1012,181,360,1.0,2,1
0,0,0,0,1,21911,8378,309,180,0.0,0,1
0,0,0,1,0,12535,1881,174,240,1.0,0,1
0,0,2,1,1,20796,6799,131,360,1.0,0,1
0,0,2,1,0,22628,4586,332,180,1.0,0,1
0,1,3,1,1,19757,8622,108,180,1.0,0,1
0,1,1,0,1,14355,8430,593,240,1.0,1,1
1,1,0,0,1,21142,6447,210,180,1.0,2,1
1,1,3,0,1,4317,2345,333,240,1.0,2,1
1,0,0,1,0,21525,75,155,120,1.0,1,1
1,1,0,0,0,5958,9548,154,240,0.0,0,0
1,0,1,1,0,6807,5877,488,120,1.0,2,1
1,1,1,1,0,10433,6785,277,360,1.0,1,1
1,1,3,0,1,19925,4922,631,180,1.0,1,0
0,1,1,0,0,18563,8090,367,240,0.0,2,1
0,0,1,0,0,12159,2330,513,240,1.0,2,1
1,1,3,1,1,7238,4686,648,180,1.0,0,1
1,0,1,1,1,7168,1902,521,180,1.0,0,1
0,0,2,0,1,15927,4670,105,360,1.0,2,0
1,1,0,0,1,9197,7143,674,360,1.0,0,0
1,1,0,1,0,17946,2059,62,240,1.0,1,1
0,1,0,0,0,9329,140,489,360,1.0,0,1
1,0,0,1,1,12251,1789,67,120,0.0,0,1
0,1,3,1,1,14950,16,162,360,1.0,1,1
1,0,0,0,1,8852,464,278,360,1.0,0,0
0,0,0,0,0,15016,4471,220,240,1.0,1,0
0,1,0,0,0,24799,1827,344,120,1.0,0,1
0,1,0,0,1,9826,8711,238,360,1.0,2,1
1,0,2,1,1,5144,5956,475,120,1.0,0,1
0,0,0,1,0,22854,89,128,120,1.0,2,1
1,0,2,1,1,9503,4815,231,120,1.0,2,0
1,1,3,0,1,4778,2851,548,180,1.0,2,1
1,0,1,1,0,8796,2843,120,180,1.0,2,0
1,1,0,0,1,4574,9117,297,180,1.0,2,1
0,0,1,0,0,14761,6543,195,180,1.0,1,1
0,0,1,0,1,12673,5901,667,240,1.0,1,1
1,1,3,0,1,9812,969,345,360,1.0,1,1
1,0,1,0,0,3137,1094,631,180,1.0,2,1
0,1,2,0,0,15152,6124,519,240,0.0,0,0
1,1,1,1,1,6603,7347,555,360,1.0,1,1
0,0,1,0,0,18528,3195,242,180,1.0,0,1
1,1,1,1,1,3532,1404,117,360,1.0,0,1
1,1,0,1,1,4261,6940,543,180,1.0,2,1
0,0,0,0,0,16695,4290,101,240,1.0,2,1
1,1,2,0,1,19952,3982,412,120,0.0,2,0
0,1,2,0,1,18125,5555,523,120,1.0,1,1
1,1,0,1,0,4168,7954,570,360,0.0,2,1
1,0,2,0,0,16138,4713,480,240,0.0,1,1
1,1,0,1,1,17454,3092,347,120,1.0,1,1
0,0,3,0,0,18686,4159,484,180,1.0,1,1
1,0,1,0,0,22943,6308,247,120,1.0,1,1
1,1,1,1,0,13856,7478,177,360,1.0,2,1
1,1,2,1,0,1695,8476,581,360,0.0,1,1
1,1,0,0,1,3687,4933,460,240,1.0,2,1
0,0,0,1,1,13207,4926,114,360,0.0,2,1
0,1,2,1,1,3830,9379,290,120,1.0,1,0
1,1,0,1,0,22725,3969,418,120,0.0,2,1
0,1,3,1,0,5106,2965,585,120,0.0,0,1
1,1,1,1,0,1560,4319,433,120,1.0,2,1
1,1,2,0,0,15887,8975,480,240,1.0,2,1
1,0,2,0,0,5427,7108,132,180,1.0,1,0
0,0,0,1,0,7796,9141,660,180,0.0,1,0
0,1,2,0,0,15122,3939,623,240,0.0,2,1
0,1,3,0,1,15625,44,335,360,1.0,1,1
0,1,0,1,1,4091,1810,583,180,1.0,0,1
0,1,0,0,0,13627,4566,508,360,1.0,0,1
0,0,0,1,0,17248,9021,261,180,0.0,1,1
0,1,0,1,0,7621,1909,175,360,1.0,2,0
0,0,3,0,1,2700,6364,462,240,0.0,0,0
0,0,0,1,1,17221,2581,548,120,1.0,0,0
1,1,2,1,0,20738,691,474,360,1.0,2,0
0,0,3,1,0,12587,931,603,120,1.0,1,1
0,0,1,1,1,24908,7910,659,360,1.0,0,1
0,0,1,1,1,8472,6382,592,360,1.0,2,1
0,0,2,0,1,1636,3406,207,360,1.0,2,1
0,1,2,0,1,18913,8339,161,360,1.0,0,1
0,1,3,1,0,16846,1032,451,360,1.0,1,0
0,0,1,1,1,20478,1311,171,120,1.0,0,0
0,1,1,0,1,2161,8579,322,360,1.0,2,0
0,1,1,1,0,3972,3121,343,120,0.0,0,0
0,1,1,0,1,1586,1873,447,240,1.0,1,0
0,1,1,1,1,12204,9107,520,180,0.0,2,1
1,1,0,1,1,7719,6781,256,360,1.0,1,0
1,0,2,1,0,17822,3748,159,180,1.0,0,1
0,1,0,1,1,16249,277,489,120,1.0,0,1
0,1,1,1,0,8468,1859,327,240,1.0,1,0
1,1,3,1,0,20657,5929,617,240,1.0,0,0
